model,index,prediction,target
ecfp_lr,0,0.9953883722311596,1.0
ecfp_lr,1,0.8111881146623594,1.0
ecfp_lr,2,0.9599028642619266,1.0
ecfp_lr,3,0.9838790344368186,1.0
ecfp_lr,4,0.003424248579058389,0.0
ecfp_lr,5,0.944990394538192,1.0
ecfp_lr,6,0.9759419302786899,1.0
ecfp_lr,7,0.08741202795510444,0.0
ecfp_lr,8,0.6036158603100872,1.0
ecfp_lr,9,0.9895821701159695,1.0
ecfp_lr,10,0.011487376278994422,0.0
ecfp_lr,11,0.3140567663362731,1.0
ecfp_lr,12,0.9035208112213834,1.0
ecfp_lr,13,0.009016383980515168,0.0
ecfp_lr,14,0.9934938978460746,1.0
ecfp_lr,15,0.573095099076219,1.0
ecfp_lr,16,0.9550657131297199,1.0
ecfp_lr,17,0.996839663071592,1.0
ecfp_lr,18,0.9734309687422346,1.0
ecfp_lr,19,0.04351603871845488,1.0
ecfp_lr,20,0.3082365654878603,0.0
ecfp_lr,21,0.02572136239546272,0.0
ecfp_lr,22,0.9966298926625828,1.0
ecfp_lr,23,0.8203611465282638,1.0
ecfp_lr,24,0.5878065260388173,1.0
ecfp_lr,25,0.9950651358835788,1.0
ecfp_lr,26,0.5699663026882512,1.0
ecfp_lr,27,0.996863850498478,1.0
ecfp_lr,28,0.8816426310714267,0.0
ecfp_lr,29,0.7039450452677272,1.0
ecfp_lr,30,0.7532578785457302,1.0
ecfp_lr,31,0.9581440940216018,1.0
ecfp_lr,32,0.733029821050837,1.0
ecfp_lr,33,0.4987075103553386,0.0
ecfp_lr,34,0.8388635219335512,1.0
ecfp_lr,35,0.8753576114920202,1.0
ecfp_lr,36,0.006459242608857083,0.0
ecfp_lr,37,0.5510001863995021,0.0
ecfp_lr,38,0.7374683057287732,1.0
ecfp_lr,39,0.942275683607441,1.0
ecfp_lr,40,0.9859799042006272,1.0
ecfp_lr,41,0.8923336622668303,1.0
ecfp_lr,42,0.7618549702061687,1.0
ecfp_lr,43,0.23263925055013346,1.0
ecfp_lr,44,0.9733115450208546,1.0
ecfp_lr,45,0.015099683474508274,0.0
ecfp_lr,46,0.9809620036504769,1.0
ecfp_lr,47,0.9796926760318038,1.0
ecfp_lr,48,0.7859285856218123,1.0
ecfp_lr,49,0.6682184690334835,0.0
ecfp_lr,50,0.835922393058229,1.0
ecfp_lr,51,0.9831082579043298,1.0
ecfp_lr,52,0.8850839992949493,1.0
ecfp_lr,53,0.027100501640692196,1.0
ecfp_lr,54,0.8398804869164173,1.0
ecfp_lr,55,0.8933001670884679,1.0
ecfp_lr,56,0.9916873917872043,1.0
ecfp_lr,57,0.8398433815506106,1.0
ecfp_lr,58,0.42706459719242723,1.0
ecfp_lr,59,0.9905241451768506,1.0
ecfp_lr,60,0.9632740902108803,1.0
ecfp_lr,61,0.9332281640116946,1.0
ecfp_lr,62,0.9459090406463431,1.0
ecfp_lr,63,0.982315424370721,1.0
ecfp_lr,64,0.950788753363773,1.0
ecfp_lr,65,0.9920166046695024,1.0
ecfp_lr,66,0.8101525225551165,1.0
ecfp_lr,67,0.992405408825544,1.0
ecfp_lr,68,0.882398449496452,1.0
ecfp_lr,69,0.9631109743666157,1.0
ecfp_lr,70,0.9853011496825052,1.0
ecfp_lr,71,0.9721216470749393,1.0
ecfp_lr,72,0.9898048326349979,1.0
ecfp_lr,73,0.9711606053207078,1.0
ecfp_lr,74,0.9430928026515587,1.0
ecfp_lr,75,0.9360369190034851,1.0
ecfp_lr,76,0.9306256748073566,1.0
ecfp_lr,77,0.005273464367512106,0.0
ecfp_lr,78,0.9414245727799532,1.0
ecfp_lr,79,0.6189233621794126,0.0
ecfp_lr,80,0.9882573290024173,1.0
ecfp_lr,81,0.9367762290529766,1.0
ecfp_lr,82,0.8922677200093173,1.0
ecfp_lr,83,0.37772313304899435,0.0
ecfp_lr,84,0.9808654475257621,1.0
ecfp_lr,85,0.9991500712636315,1.0
ecfp_lr,86,0.6526023900940501,1.0
ecfp_lr,87,0.22447424690500675,1.0
ecfp_lr,88,0.9491943364267356,1.0
ecfp_lr,89,0.8478740599738215,1.0
ecfp_lr,90,0.891259303076658,1.0
ecfp_lr,91,0.9881506336267407,1.0
ecfp_lr,92,0.9862863249770499,1.0
ecfp_lr,93,0.02957090403596538,0.0
ecfp_lr,94,0.9465553755063951,1.0
ecfp_lr,95,0.9530160317253605,1.0
ecfp_lr,96,0.9649143496876532,1.0
ecfp_lr,97,0.9976416325881996,1.0
ecfp_lr,98,0.18503035857421465,0.0
ecfp_lr,99,0.9864217793686963,1.0
ecfp_lr,100,0.994718048501433,1.0
ecfp_lr,101,0.8305578468876859,1.0
ecfp_lr,102,0.9974569017583115,1.0
ecfp_lr,103,0.8125028416111593,0.0
ecfp_lr,104,0.9960734598464114,1.0
ecfp_lr,105,0.931005937534135,1.0
ecfp_lr,106,0.9815422196981444,1.0
ecfp_lr,107,0.982073269762138,1.0
ecfp_lr,108,0.7345960718861788,1.0
ecfp_lr,109,0.007621173650894908,0.0
ecfp_lr,110,0.9873138694042921,0.0
ecfp_lr,111,0.9236581934087501,1.0
ecfp_lr,112,0.061547401448202796,0.0
ecfp_lr,113,0.8909653306292739,1.0
ecfp_lr,114,0.8667785923773366,1.0
ecfp_lr,115,0.9699286441784022,1.0
ecfp_lr,116,0.8213472445033688,1.0
ecfp_lr,117,0.9799370680072498,1.0
ecfp_lr,118,0.968754218643207,1.0
ecfp_lr,119,0.8827789110330855,1.0
ecfp_lr,120,0.987575497662143,1.0
ecfp_lr,121,0.9356573014284096,1.0
ecfp_lr,122,0.9741663394902181,1.0
ecfp_lr,123,0.87300437658967,1.0
ecfp_lr,124,0.00223446322481355,0.0
ecfp_lr,125,0.9828317182682985,1.0
ecfp_lr,126,0.9652551889196556,1.0
ecfp_lr,127,0.8072079968044423,1.0
ecfp_lr,128,0.3293882919829163,0.0
ecfp_lr,129,0.9925812978824872,1.0
ecfp_lr,130,0.8869465383084938,1.0
ecfp_lr,131,0.301936340495424,0.0
ecfp_lr,132,0.19534325052777216,0.0
ecfp_lr,133,0.9076356670950764,1.0
ecfp_lr,134,0.977725283687057,1.0
ecfp_lr,135,0.9391098052215282,0.0
ecfp_lr,136,0.999276137572477,1.0
ecfp_lr,137,0.981397190346338,1.0
ecfp_lr,138,0.9726681256874138,1.0
ecfp_lr,139,0.9488733634081296,1.0
ecfp_lr,140,0.979368692332529,1.0
ecfp_lr,141,0.9439089000340101,1.0
ecfp_lr,142,0.870983639827736,1.0
ecfp_lr,143,0.7270123094994089,1.0
ecfp_lr,144,0.999473715080381,1.0
ecfp_lr,145,0.7616592462927564,1.0
ecfp_lr,146,0.9159542095729983,1.0
ecfp_lr,147,0.9376351860896239,1.0
ecfp_lr,148,0.9864126775133488,1.0
ecfp_lr,149,0.07294382706814859,0.0
ecfp_lr,150,0.0030463035983317455,0.0
ecfp_lr,151,0.9874384007912528,1.0
ecfp_lr,152,0.974991626054059,1.0
ecfp_lr,153,0.974454669530899,1.0
ecfp_lr,154,0.9908541750941332,0.0
ecfp_lr,155,0.6721175301126662,1.0
ecfp_lr,156,0.03105817895903017,0.0
ecfp_lr,157,0.3240192099698466,0.0
ecfp_lr,158,0.6954759212498021,1.0
ecfp_lr,159,0.9747698874208669,1.0
ecfp_lr,160,0.8105469206855621,1.0
ecfp_lr,161,0.9764555250572353,1.0
ecfp_lr,162,0.8626872635967333,1.0
ecfp_lr,163,0.8880345336381562,1.0
ecfp_lr,164,0.1451184552347677,0.0
ecfp_lr,165,0.08147001352576803,0.0
ecfp_lr,166,0.9066604194990405,1.0
ecfp_lr,167,0.12335718443813617,0.0
ecfp_lr,168,0.7200353518392223,1.0
ecfp_lr,169,0.4879620423799808,1.0
ecfp_lr,170,0.9953176358636933,1.0
ecfp_lr,171,0.08561821332126242,0.0
ecfp_lr,172,0.9501958431112424,1.0
ecfp_lr,173,0.9966655943621873,1.0
ecfp_lr,174,0.906844457415089,1.0
ecfp_lr,175,0.7691708809211144,1.0
ecfp_lr,176,0.9665918177353403,1.0
ecfp_lr,177,0.9752824849129617,1.0
ecfp_lr,178,0.9926254669137574,1.0
ecfp_lr,179,0.011835231231417585,0.0
ecfp_lr,180,0.9980814834077937,1.0
ecfp_lr,181,0.25918414287491964,0.0
ecfp_lr,182,0.2971791516588031,0.0
ecfp_lr,183,0.8818014419127653,1.0
ecfp_lr,184,0.8986853635239017,1.0
ecfp_lr,185,0.03660844714187312,0.0
ecfp_lr,186,0.9852640312938509,1.0
ecfp_lr,187,0.9557140350182103,1.0
ecfp_lr,188,0.8394174528038715,1.0
ecfp_lr,189,0.8624521601035977,1.0
ecfp_lr,190,0.5773366595071989,1.0
ecfp_lr,191,0.9438953647647551,1.0
ecfp_lr,192,0.09019259510755138,0.0
ecfp_lr,193,0.8462912601470636,1.0
ecfp_lr,194,0.9831719464728798,1.0
ecfp_lr,195,0.9348900864493114,1.0
ecfp_lr,196,0.6571535714522906,1.0
ecfp_lr,197,0.9185008083413039,1.0
ecfp_lr,198,0.991671142310966,1.0
ecfp_lr,199,0.8174296622161399,1.0
ecfp_lr,200,0.9695706768233294,1.0
ecfp_lr,201,0.9483224191255688,1.0
ecfp_lr,202,0.8118230621225078,1.0
ecfp_lr,203,0.9854899415991336,1.0
ecfp_lr,204,0.9655965342830414,1.0
ecfp_lr,205,0.8625377012431195,1.0
ecfp_lr,206,0.9929921184768014,1.0
ecfp_lr,207,0.8457125228792881,1.0
ecfp_lr,208,0.7840742223582217,0.0
ecfp_lr,209,0.04463420865863224,0.0
ecfp_lr,210,0.2762344193622229,0.0
ecfp_lr,211,0.9698793081124338,1.0
ecfp_lr,212,0.9280014205449594,1.0
ecfp_lr,213,0.029113474122599695,0.0
ecfp_lr,214,0.9400151991856759,1.0
ecfp_lr,215,0.9655955146573024,1.0
ecfp_lr,216,0.9765903595414468,1.0
ecfp_lr,217,0.9915486932192102,0.0
ecfp_lr,218,0.9318224407852368,1.0
ecfp_lr,219,0.07673725528376732,0.0
ecfp_lr,220,0.995230520725339,1.0
ecfp_lr,221,0.9057789671197701,1.0
ecfp_lr,222,0.5140909672900055,1.0
ecfp_lr,223,0.8575073572399202,1.0
ecfp_lr,224,0.023670308406113255,0.0
ecfp_lr,225,0.9450924077014301,1.0
ecfp_lr,226,0.6489590047422885,0.0
ecfp_lr,227,0.006919588725814441,0.0
ecfp_lr,228,0.6066911535882324,0.0
ecfp_lr,229,0.02231283199209543,0.0
ecfp_lr,230,0.007385653164465314,0.0
ecfp_lr,231,0.9391098052215282,1.0
ecfp_lr,232,0.8229664477563963,1.0
ecfp_lr,233,0.9456605037799837,1.0
ecfp_lr,234,0.991486828144863,1.0
ecfp_lr,235,0.8720056721570455,1.0
ecfp_lr,236,0.020364217394616045,0.0
ecfp_lr,237,0.022532600904570852,0.0
ecfp_lr,238,0.26398701232921085,0.0
ecfp_lr,239,0.9683780667788667,1.0
ecfp_lr,240,0.9419166029623877,1.0
ecfp_lr,241,0.5305904388849028,1.0
ecfp_lr,242,0.9952098864427459,1.0
ecfp_lr,243,0.5596883016526099,1.0
ecfp_lr,244,0.6909029149402561,1.0
ecfp_lr,245,0.9456605037799837,1.0
ecfp_lr,246,0.9443383144888713,0.0
ecfp_lr,247,0.8943749720463267,1.0
ecfp_lr,248,0.5980182949419847,1.0
ecfp_lr,249,0.5208034214313895,0.0
ecfp_lr,250,0.10870644260281505,0.0
ecfp_lr,251,0.9037787070940546,0.0
ecfp_lr,252,0.937015924240932,1.0
ecfp_lr,253,0.9939185481665477,1.0
ecfp_lr,254,0.9927499784424484,1.0
ecfp_lr,255,0.5994976173135864,1.0
ecfp_lr,256,0.6499702846635249,1.0
ecfp_lr,257,0.028676759680857703,0.0
ecfp_lr,258,0.988239256681472,1.0
ecfp_lr,259,0.060999874773946854,0.0
ecfp_lr,260,0.5334190563674575,1.0
ecfp_lr,261,0.9908781978469546,1.0
ecfp_lr,262,0.6441157206802799,1.0
ecfp_lr,263,0.9677346888737473,1.0
ecfp_lr,264,0.00831717700286465,0.0
ecfp_lr,265,0.056379622319908056,0.0
ecfp_lr,266,0.5008518181039299,1.0
ecfp_lr,267,0.943277436060381,1.0
ecfp_lr,268,0.8827691075670256,1.0
ecfp_lr,269,0.830890062542913,1.0
ecfp_lr,270,0.17526536811094012,0.0
ecfp_lr,271,0.3548354205062891,0.0
ecfp_lr,272,0.8065326649484709,1.0
ecfp_lr,273,0.9804923320032511,1.0
ecfp_lr,274,0.9916005591157078,1.0
ecfp_lr,275,0.0185647230997791,0.0
ecfp_lr,276,0.9815140357351356,1.0
ecfp_lr,277,0.9729212024033279,1.0
ecfp_lr,278,0.14625207418789218,0.0
ecfp_lr,279,0.8612624704597003,1.0
ecfp_lr,280,0.9859518962663808,1.0
ecfp_lr,281,0.8269115214850803,0.0
ecfp_lr,282,0.4622589023765515,0.0
ecfp_lr,283,0.5354177820469089,1.0
ecfp_lr,284,0.9976531087298985,1.0
ecfp_lr,285,0.6930199787710337,1.0
ecfp_lr,286,0.9549705096522852,1.0
ecfp_lr,287,0.8618449358560638,1.0
ecfp_lr,288,0.9931769316490342,1.0
ecfp_lr,289,0.9982541430375448,1.0
ecfp_lr,290,0.9728190656066581,1.0
ecfp_lr,291,0.9258620779449951,1.0
ecfp_lr,292,0.1324996443888863,0.0
ecfp_lr,293,0.1935789613057768,1.0
ecfp_lr,294,0.9875348315890192,1.0
ecfp_lr,295,0.9419166029623877,1.0
ecfp_lr,296,0.3111893722808698,0.0
ecfp_lr,297,0.007077329402620912,0.0
ecfp_lr,298,0.9328995544061292,1.0
ecfp_lr,299,0.5220165753289089,1.0
ecfp_lr,300,0.004665663232199318,0.0
ecfp_lr,301,0.975415119737568,1.0
ecfp_lr,302,0.9478270636318671,1.0
ecfp_lr,303,0.999696216201312,1.0
ecfp_lr,304,0.7714166696300803,1.0
ecfp_lr,305,0.7739356168082016,1.0
ecfp_lr,306,0.9746605924452997,1.0
ecfp_lr,307,0.3419674889334616,1.0
ecfp_lr,308,0.6179991586433933,0.0
ecfp_lr,309,0.9913264675780249,1.0
ecfp_lr,310,0.6395785862386355,0.0
ecfp_lr,311,0.9987407161673967,1.0
ecfp_lr,312,0.9843121486150755,1.0
ecfp_lr,313,0.9332972360600011,1.0
ecfp_lr,314,0.9860911204917948,1.0
ecfp_lr,315,0.9763773226893189,1.0
ecfp_lr,316,0.9698793081124338,1.0
ecfp_lr,317,0.9969040170955,1.0
ecfp_lr,318,0.9843679581760848,1.0
ecfp_lr,319,0.5526640968468975,0.0
ecfp_lr,320,0.6776371780926592,1.0
ecfp_lr,321,0.947516991423311,0.0
ecfp_lr,322,0.9747674695520698,0.0
ecfp_lr,323,0.9952841583586481,1.0
ecfp_lr,324,0.9743745153610761,1.0
ecfp_lr,325,0.8008572712678014,1.0
ecfp_lr,326,0.017257066723506943,0.0
ecfp_lr,327,0.8031587749283683,0.0
ecfp_lr,328,0.003558658683817402,0.0
ecfp_lr,329,0.9908730066774281,1.0
ecfp_lr,330,0.9641563704232388,1.0
ecfp_lr,331,0.6016264526936311,1.0
ecfp_lr,332,0.9062848130216062,1.0
ecfp_lr,333,0.9799934931502439,1.0
ecfp_lr,334,0.9820931733368339,1.0
ecfp_lr,335,0.9494102265805235,1.0
ecfp_lr,336,0.9517788072126483,1.0
ecfp_lr,337,0.982588439539807,1.0
ecfp_lr,338,0.9709763828226331,1.0
ecfp_lr,339,0.9949066023681137,1.0
ecfp_lr,340,0.7433693684913558,1.0
ecfp_lr,341,0.07534526601767574,0.0
ecfp_lr,342,0.948261481684042,1.0
ecfp_lr,343,0.7448179368008437,1.0
ecfp_lr,344,0.9944431946184493,1.0
ecfp_lr,345,0.99555993592641,1.0
ecfp_lr,346,0.193147378492776,1.0
ecfp_lr,347,0.8238172296263498,1.0
ecfp_lr,348,0.9920166046695024,1.0
ecfp_lr,349,0.807263024769149,1.0
ecfp_lr,350,0.9463899251772545,1.0
ecfp_lr,351,0.9767055821871898,1.0
ecfp_lr,352,0.9617839359876438,1.0
ecfp_lr,353,0.9909770159672386,1.0
ecfp_lr,354,0.023643583540334794,0.0
ecfp_lr,355,0.08910219013040867,0.0
ecfp_lr,356,0.9993768567345636,1.0
ecfp_lr,357,0.8979863535696709,1.0
ecfp_lr,358,0.015861823502239226,0.0
ecfp_lr,359,0.9885790885662601,1.0
ecfp_lr,360,0.96555727281791,1.0
ecfp_lr,361,0.9776637481935759,1.0
ecfp_lr,362,0.983959646023082,1.0
ecfp_lr,363,0.9277526581786772,1.0
ecfp_lr,364,0.9788772662151539,1.0
ecfp_lr,365,0.9437412789213238,1.0
ecfp_lr,366,0.9804073791803514,1.0
ecfp_lr,367,0.950037001501071,1.0
ecfp_lr,368,0.24985569401212704,1.0
ecfp_lr,369,0.8003203581832729,1.0
ecfp_lr,370,0.01064714301008258,0.0
ecfp_lr,371,0.6571143147798407,0.0
ecfp_lr,372,0.6235930867122572,1.0
ecfp_lr,373,0.9393337307023512,1.0
ecfp_lr,374,0.09621825486763087,0.0
ecfp_lr,375,0.6713313280517512,0.0
ecfp_lr,376,0.9719507205289953,1.0
ecfp_lr,377,0.3628550343209563,0.0
ecfp_lr,378,0.9513204213125029,1.0
ecfp_lr,379,0.009405680837585782,0.0
ecfp_lr,380,0.9985226872868818,1.0
ecfp_lr,381,4.039399797209604e-05,0.0
ecfp_lr,382,0.9676183804044424,1.0
ecfp_lr,383,0.6721449060980114,1.0
ecfp_lr,384,0.8320733308732,1.0
ecfp_lr,385,0.00029091848594117774,0.0
ecfp_lr,386,0.4449624055397112,1.0
ecfp_lr,387,0.5771822003357269,0.0
ecfp_lr,388,0.9800043641480342,1.0
ecfp_lr,389,0.9056476448454507,1.0
ecfp_lr,390,0.8993557090700286,1.0
ecfp_lr,391,0.8334033105682919,1.0
ecfp_lr,392,0.0159768944727592,0.0
ecfp_lr,393,0.03186767325735494,0.0
ecfp_lr,394,0.9869149884799712,1.0
ecfp_lr,395,0.9902002910470417,1.0
ecfp_lr,396,0.7682640793256219,1.0
ecfp_lr,397,0.9983407179958236,1.0
ecfp_lr,398,0.9979427291370937,1.0
ecfp_lr,399,0.9659850457456989,1.0
ecfp_lr,400,0.9470167494166318,1.0
ecfp_lr,401,0.7177405695415693,1.0
ecfp_lr,402,0.8799254831127361,1.0
ecfp_lr,403,0.9175456179641555,1.0
ecfp_lr,404,0.9776903649054779,1.0
ecfp_lr,405,0.9421315373497005,1.0
ecfp_lr,406,0.9540897604034296,1.0
ecfp_lr,407,0.9514669746770794,1.0
hybrid_gat,0,0.904356837272644,1.0
hybrid_gat,1,0.7922359704971313,1.0
hybrid_gat,2,0.8601774573326111,1.0
hybrid_gat,3,0.8504769802093506,1.0
hybrid_gat,4,0.24659501016139984,0.0
hybrid_gat,5,0.9065636992454529,1.0
hybrid_gat,6,0.9056491851806641,1.0
hybrid_gat,7,0.42505815625190735,0.0
hybrid_gat,8,0.6290309429168701,1.0
hybrid_gat,9,0.9270768165588379,1.0
hybrid_gat,10,0.33399730920791626,0.0
hybrid_gat,11,0.6926731467247009,1.0
hybrid_gat,12,0.8450646996498108,1.0
hybrid_gat,13,0.33404913544654846,0.0
hybrid_gat,14,0.9255199432373047,1.0
hybrid_gat,15,0.6714308261871338,1.0
hybrid_gat,16,0.8673903346061707,1.0
hybrid_gat,17,0.9650269746780396,1.0
hybrid_gat,18,0.9159361720085144,1.0
hybrid_gat,19,0.26946109533309937,1.0
hybrid_gat,20,0.5688523054122925,0.0
hybrid_gat,21,0.25870242714881897,0.0
hybrid_gat,22,0.9328928589820862,1.0
hybrid_gat,23,0.78291916847229,1.0
hybrid_gat,24,0.7890383005142212,1.0
hybrid_gat,25,0.9282762408256531,1.0
hybrid_gat,26,0.7989274263381958,1.0
hybrid_gat,27,0.9614092111587524,1.0
hybrid_gat,28,0.8399850130081177,0.0
hybrid_gat,29,0.7334265112876892,1.0
hybrid_gat,30,0.754636824131012,1.0
hybrid_gat,31,0.8662453889846802,1.0
hybrid_gat,32,0.7751488089561462,1.0
hybrid_gat,33,0.6335034370422363,0.0
hybrid_gat,34,0.7646199464797974,1.0
hybrid_gat,35,0.8908438682556152,1.0
hybrid_gat,36,0.2358853667974472,0.0
hybrid_gat,37,0.6235268115997314,0.0
hybrid_gat,38,0.6484267115592957,1.0
hybrid_gat,39,0.8647109270095825,1.0
hybrid_gat,40,0.923914909362793,1.0
hybrid_gat,41,0.7844268083572388,1.0
hybrid_gat,42,0.772079348564148,1.0
hybrid_gat,43,0.560785710811615,1.0
hybrid_gat,44,0.8855408430099487,1.0
hybrid_gat,45,0.3039053976535797,0.0
hybrid_gat,46,0.9024131298065186,1.0
hybrid_gat,47,0.9086415767669678,1.0
hybrid_gat,48,0.7332610487937927,1.0
hybrid_gat,49,0.7152432799339294,0.0
hybrid_gat,50,0.8134803771972656,1.0
hybrid_gat,51,0.9446753859519958,1.0
hybrid_gat,52,0.801947295665741,1.0
hybrid_gat,53,0.4667884111404419,1.0
hybrid_gat,54,0.8060731291770935,1.0
hybrid_gat,55,0.8060102462768555,1.0
hybrid_gat,56,0.9243757128715515,1.0
hybrid_gat,57,0.7874962687492371,1.0
hybrid_gat,58,0.5792443752288818,1.0
hybrid_gat,59,0.9162810444831848,1.0
hybrid_gat,60,0.854732871055603,1.0
hybrid_gat,61,0.8042606115341187,1.0
hybrid_gat,62,0.9481902718544006,1.0
hybrid_gat,63,0.8679079413414001,1.0
hybrid_gat,64,0.8482709527015686,1.0
hybrid_gat,65,0.9557420015335083,1.0
hybrid_gat,66,0.7487026453018188,1.0
hybrid_gat,67,0.9309563040733337,1.0
hybrid_gat,68,0.7878403663635254,1.0
hybrid_gat,69,0.9538084268569946,1.0
hybrid_gat,70,0.9214251041412354,1.0
hybrid_gat,71,0.9168896675109863,1.0
hybrid_gat,72,0.9531897902488708,1.0
hybrid_gat,73,0.9207618236541748,1.0
hybrid_gat,74,0.8630390167236328,1.0
hybrid_gat,75,0.8033000230789185,1.0
hybrid_gat,76,0.8428643941879272,1.0
hybrid_gat,77,0.24391739070415497,0.0
hybrid_gat,78,0.8964493274688721,1.0
hybrid_gat,79,0.6536352038383484,0.0
hybrid_gat,80,0.919197678565979,1.0
hybrid_gat,81,0.8530190587043762,1.0
hybrid_gat,82,0.8699000477790833,1.0
hybrid_gat,83,0.6343803405761719,0.0
hybrid_gat,84,0.9248351454734802,1.0
hybrid_gat,85,0.9652817249298096,1.0
hybrid_gat,86,0.6973178386688232,1.0
hybrid_gat,87,0.7913883328437805,1.0
hybrid_gat,88,0.8347787261009216,1.0
hybrid_gat,89,0.857641339302063,1.0
hybrid_gat,90,0.8127954006195068,1.0
hybrid_gat,91,0.9106898307800293,1.0
hybrid_gat,92,0.9122089743614197,1.0
hybrid_gat,93,0.26909902691841125,0.0
hybrid_gat,94,0.8663694262504578,1.0
hybrid_gat,95,0.9193872809410095,1.0
hybrid_gat,96,0.8815981149673462,1.0
hybrid_gat,97,0.9581528306007385,1.0
hybrid_gat,98,0.6762652397155762,0.0
hybrid_gat,99,0.9100804924964905,1.0
hybrid_gat,100,0.9388428926467896,1.0
hybrid_gat,101,0.749763548374176,1.0
hybrid_gat,102,0.9421762824058533,1.0
hybrid_gat,103,0.7777074575424194,0.0
hybrid_gat,104,0.9221310019493103,1.0
hybrid_gat,105,0.84995037317276,1.0
hybrid_gat,106,0.9212812781333923,1.0
hybrid_gat,107,0.9274880290031433,1.0
hybrid_gat,108,0.7058644890785217,1.0
hybrid_gat,109,0.29129084944725037,0.0
hybrid_gat,110,0.9730438590049744,0.0
hybrid_gat,111,0.8605040311813354,1.0
hybrid_gat,112,0.34348413348197937,0.0
hybrid_gat,113,0.8798307180404663,1.0
hybrid_gat,114,0.8365045189857483,1.0
hybrid_gat,115,0.9170593619346619,1.0
hybrid_gat,116,0.7784259915351868,1.0
hybrid_gat,117,0.8896092772483826,1.0
hybrid_gat,118,0.8985481858253479,1.0
hybrid_gat,119,0.853230893611908,1.0
hybrid_gat,120,0.9736663699150085,1.0
hybrid_gat,121,0.8690803050994873,1.0
hybrid_gat,122,0.8954761028289795,1.0
hybrid_gat,123,0.739100992679596,1.0
hybrid_gat,124,0.2235911786556244,0.0
hybrid_gat,125,0.9189863801002502,1.0
hybrid_gat,126,0.9246799945831299,1.0
hybrid_gat,127,0.7515434622764587,1.0
hybrid_gat,128,0.639281153678894,0.0
hybrid_gat,129,0.9099509119987488,1.0
hybrid_gat,130,0.8551961779594421,1.0
hybrid_gat,131,0.5394763946533203,0.0
hybrid_gat,132,0.5671670436859131,0.0
hybrid_gat,133,0.8858209252357483,1.0
hybrid_gat,134,0.956361711025238,1.0
hybrid_gat,135,0.8617205023765564,0.0
hybrid_gat,136,0.972575306892395,1.0
hybrid_gat,137,0.861286997795105,1.0
hybrid_gat,138,0.8856358528137207,1.0
hybrid_gat,139,0.8898181915283203,1.0
hybrid_gat,140,0.9354754090309143,1.0
hybrid_gat,141,0.9284762144088745,1.0
hybrid_gat,142,0.848891019821167,1.0
hybrid_gat,143,0.8245870471000671,1.0
hybrid_gat,144,0.9780328273773193,1.0
hybrid_gat,145,0.8614925742149353,1.0
hybrid_gat,146,0.8236874341964722,1.0
hybrid_gat,147,0.8847770094871521,1.0
hybrid_gat,148,0.9387685656547546,1.0
hybrid_gat,149,0.33024585247039795,0.0
hybrid_gat,150,0.2553076148033142,0.0
hybrid_gat,151,0.8688898086547852,1.0
hybrid_gat,152,0.9303073287010193,1.0
hybrid_gat,153,0.9410644173622131,1.0
hybrid_gat,154,0.9118090867996216,0.0
hybrid_gat,155,0.7921388745307922,1.0
hybrid_gat,156,0.2799966335296631,0.0
hybrid_gat,157,0.5615108013153076,0.0
hybrid_gat,158,0.8280546069145203,1.0
hybrid_gat,159,0.911617636680603,1.0
hybrid_gat,160,0.7727332711219788,1.0
hybrid_gat,161,0.9068120121955872,1.0
hybrid_gat,162,0.8476280570030212,1.0
hybrid_gat,163,0.710413932800293,1.0
hybrid_gat,164,0.6170703768730164,0.0
hybrid_gat,165,0.3797190189361572,0.0
hybrid_gat,166,0.8148080706596375,1.0
hybrid_gat,167,0.4105987548828125,0.0
hybrid_gat,168,0.7025426626205444,1.0
hybrid_gat,169,0.6702917218208313,1.0
hybrid_gat,170,0.9371543526649475,1.0
hybrid_gat,171,0.30957406759262085,0.0
hybrid_gat,172,0.9016091823577881,1.0
hybrid_gat,173,0.9695461988449097,1.0
hybrid_gat,174,0.8679785132408142,1.0
hybrid_gat,175,0.8105559945106506,1.0
hybrid_gat,176,0.9180856943130493,1.0
hybrid_gat,177,0.7963961362838745,1.0
hybrid_gat,178,0.9350265264511108,1.0
hybrid_gat,179,0.264451801776886,0.0
hybrid_gat,180,0.9417691230773926,1.0
hybrid_gat,181,0.6534180045127869,0.0
hybrid_gat,182,0.30630043148994446,0.0
hybrid_gat,183,0.8435182571411133,1.0
hybrid_gat,184,0.7708801031112671,1.0
hybrid_gat,185,0.36708101630210876,0.0
hybrid_gat,186,0.9026286005973816,1.0
hybrid_gat,187,0.8900563716888428,1.0
hybrid_gat,188,0.7385310530662537,1.0
hybrid_gat,189,0.8419361114501953,1.0
hybrid_gat,190,0.7157067656517029,1.0
hybrid_gat,191,0.8114997148513794,1.0
hybrid_gat,192,0.4198782444000244,0.0
hybrid_gat,193,0.7440292239189148,1.0
hybrid_gat,194,0.9429789781570435,1.0
hybrid_gat,195,0.8740886449813843,1.0
hybrid_gat,196,0.6384298801422119,1.0
hybrid_gat,197,0.8615008592605591,1.0
hybrid_gat,198,0.8779998421669006,1.0
hybrid_gat,199,0.7620062232017517,1.0
hybrid_gat,200,0.8527153134346008,1.0
hybrid_gat,201,0.8536452651023865,1.0
hybrid_gat,202,0.8978363275527954,1.0
hybrid_gat,203,0.9471433162689209,1.0
hybrid_gat,204,0.9341282248497009,1.0
hybrid_gat,205,0.7087920904159546,1.0
hybrid_gat,206,0.9266714453697205,1.0
hybrid_gat,207,0.8241420984268188,1.0
hybrid_gat,208,0.788168728351593,0.0
hybrid_gat,209,0.3558467924594879,0.0
hybrid_gat,210,0.5518862009048462,0.0
hybrid_gat,211,0.7749373912811279,1.0
hybrid_gat,212,0.8278376460075378,1.0
hybrid_gat,213,0.26928436756134033,0.0
hybrid_gat,214,0.8422065377235413,1.0
hybrid_gat,215,0.887481689453125,1.0
hybrid_gat,216,0.9164151549339294,1.0
hybrid_gat,217,0.8883143067359924,0.0
hybrid_gat,218,0.8462026119232178,1.0
hybrid_gat,219,0.2626364529132843,0.0
hybrid_gat,220,0.927734911441803,1.0
hybrid_gat,221,0.9155994653701782,1.0
hybrid_gat,222,0.6836370229721069,1.0
hybrid_gat,223,0.7408995032310486,1.0
hybrid_gat,224,0.2893531024456024,0.0
hybrid_gat,225,0.8739433288574219,1.0
hybrid_gat,226,0.7543005347251892,0.0
hybrid_gat,227,0.23295393586158752,0.0
hybrid_gat,228,0.5989673733711243,0.0
hybrid_gat,229,0.32286879420280457,0.0
hybrid_gat,230,0.25523778796195984,0.0
hybrid_gat,231,0.861720621585846,1.0
hybrid_gat,232,0.8411049246788025,1.0
hybrid_gat,233,0.8097331523895264,1.0
hybrid_gat,234,0.9466078877449036,1.0
hybrid_gat,235,0.840584933757782,1.0
hybrid_gat,236,0.2656080424785614,0.0
hybrid_gat,237,0.3287091553211212,0.0
hybrid_gat,238,0.4933316111564636,0.0
hybrid_gat,239,0.9568092823028564,1.0
hybrid_gat,240,0.810189425945282,1.0
hybrid_gat,241,0.6170246601104736,1.0
hybrid_gat,242,0.922982931137085,1.0
hybrid_gat,243,0.8436976075172424,1.0
hybrid_gat,244,0.7563711404800415,1.0
hybrid_gat,245,0.8097331523895264,1.0
hybrid_gat,246,0.7655594944953918,0.0
hybrid_gat,247,0.8934167623519897,1.0
hybrid_gat,248,0.6668128371238708,1.0
hybrid_gat,249,0.5318630933761597,0.0
hybrid_gat,250,0.5115451216697693,0.0
hybrid_gat,251,0.8878772854804993,0.0
hybrid_gat,252,0.9129883050918579,1.0
hybrid_gat,253,0.9250824451446533,1.0
hybrid_gat,254,0.9378669261932373,1.0
hybrid_gat,255,0.6481939554214478,1.0
hybrid_gat,256,0.8361225128173828,1.0
hybrid_gat,257,0.27891233563423157,0.0
hybrid_gat,258,0.8893192410469055,1.0
hybrid_gat,259,0.4077075719833374,0.0
hybrid_gat,260,0.6850095391273499,1.0
hybrid_gat,261,0.9227643609046936,1.0
hybrid_gat,262,0.63232421875,1.0
hybrid_gat,263,0.9192467927932739,1.0
hybrid_gat,264,0.24311569333076477,0.0
hybrid_gat,265,0.31997445225715637,0.0
hybrid_gat,266,0.6664690971374512,1.0
hybrid_gat,267,0.9029892683029175,1.0
hybrid_gat,268,0.7964185476303101,1.0
hybrid_gat,269,0.7217135429382324,1.0
hybrid_gat,270,0.3552374243736267,0.0
hybrid_gat,271,0.7215924263000488,0.0
hybrid_gat,272,0.8057166934013367,1.0
hybrid_gat,273,0.9408968091011047,1.0
hybrid_gat,274,0.9047400951385498,1.0
hybrid_gat,275,0.2672126591205597,0.0
hybrid_gat,276,0.9165915250778198,1.0
hybrid_gat,277,0.9036834836006165,1.0
hybrid_gat,278,0.2941943109035492,0.0
hybrid_gat,279,0.9322574138641357,1.0
hybrid_gat,280,0.9164596199989319,1.0
hybrid_gat,281,0.768129289150238,0.0
hybrid_gat,282,0.58849036693573,0.0
hybrid_gat,283,0.6619668006896973,1.0
hybrid_gat,284,0.9257428646087646,1.0
hybrid_gat,285,0.7379268407821655,1.0
hybrid_gat,286,0.9351397156715393,1.0
hybrid_gat,287,0.8591095805168152,1.0
hybrid_gat,288,0.9407768249511719,1.0
hybrid_gat,289,0.9580813646316528,1.0
hybrid_gat,290,0.8914200067520142,1.0
hybrid_gat,291,0.7516809701919556,1.0
hybrid_gat,292,0.3286969065666199,0.0
hybrid_gat,293,0.6540302634239197,1.0
hybrid_gat,294,0.9514835476875305,1.0
hybrid_gat,295,0.810189425945282,1.0
hybrid_gat,296,0.727630615234375,0.0
hybrid_gat,297,0.24884459376335144,0.0
hybrid_gat,298,0.8800160884857178,1.0
hybrid_gat,299,0.7365162968635559,1.0
hybrid_gat,300,0.25804874300956726,0.0
hybrid_gat,301,0.9575713872909546,1.0
hybrid_gat,302,0.8854444026947021,1.0
hybrid_gat,303,0.9822016358375549,1.0
hybrid_gat,304,0.8611193299293518,1.0
hybrid_gat,305,0.7636677622795105,1.0
hybrid_gat,306,0.8953559994697571,1.0
hybrid_gat,307,0.6246203780174255,1.0
hybrid_gat,308,0.6481994986534119,0.0
hybrid_gat,309,0.9152894616127014,1.0
hybrid_gat,310,0.719775915145874,0.0
hybrid_gat,311,0.9512494206428528,1.0
hybrid_gat,312,0.9528067708015442,1.0
hybrid_gat,313,0.7741345763206482,1.0
hybrid_gat,314,0.942177414894104,1.0
hybrid_gat,315,0.931019127368927,1.0
hybrid_gat,316,0.7749373912811279,1.0
hybrid_gat,317,0.9684431552886963,1.0
hybrid_gat,318,0.9473009705543518,1.0
hybrid_gat,319,0.5975107550621033,0.0
hybrid_gat,320,0.8101118206977844,1.0
hybrid_gat,321,0.8448400497436523,0.0
hybrid_gat,322,0.9145780801773071,0.0
hybrid_gat,323,0.8982334136962891,1.0
hybrid_gat,324,0.8472964763641357,1.0
hybrid_gat,325,0.8042572140693665,1.0
hybrid_gat,326,0.26201602816581726,0.0
hybrid_gat,327,0.9149942994117737,0.0
hybrid_gat,328,0.2631693482398987,0.0
hybrid_gat,329,0.9245104193687439,1.0
hybrid_gat,330,0.9253698587417603,1.0
hybrid_gat,331,0.6959967613220215,1.0
hybrid_gat,332,0.8894347548484802,1.0
hybrid_gat,333,0.8801244497299194,1.0
hybrid_gat,334,0.9199751019477844,1.0
hybrid_gat,335,0.7663387060165405,1.0
hybrid_gat,336,0.8268952965736389,1.0
hybrid_gat,337,0.8979157209396362,1.0
hybrid_gat,338,0.9104095101356506,1.0
hybrid_gat,339,0.9638051390647888,1.0
hybrid_gat,340,0.6990556120872498,1.0
hybrid_gat,341,0.38742706179618835,0.0
hybrid_gat,342,0.7983258366584778,1.0
hybrid_gat,343,0.747614860534668,1.0
hybrid_gat,344,0.9374377131462097,1.0
hybrid_gat,345,0.9504510760307312,1.0
hybrid_gat,346,0.6215231418609619,1.0
hybrid_gat,347,0.80658358335495,1.0
hybrid_gat,348,0.9557420015335083,1.0
hybrid_gat,349,0.8362523913383484,1.0
hybrid_gat,350,0.9100862145423889,1.0
hybrid_gat,351,0.8723121285438538,1.0
hybrid_gat,352,0.9372374415397644,1.0
hybrid_gat,353,0.9598450660705566,1.0
hybrid_gat,354,0.2966277599334717,0.0
hybrid_gat,355,0.5683093070983887,0.0
hybrid_gat,356,0.9501128196716309,1.0
hybrid_gat,357,0.8759784698486328,1.0
hybrid_gat,358,0.2637767195701599,0.0
hybrid_gat,359,0.9054608941078186,1.0
hybrid_gat,360,0.926922082901001,1.0
hybrid_gat,361,0.8859639763832092,1.0
hybrid_gat,362,0.9570482969284058,1.0
hybrid_gat,363,0.846121609210968,1.0
hybrid_gat,364,0.9047715067863464,1.0
hybrid_gat,365,0.8715780973434448,1.0
hybrid_gat,366,0.882361650466919,1.0
hybrid_gat,367,0.8907777070999146,1.0
hybrid_gat,368,0.6753964424133301,1.0
hybrid_gat,369,0.8670756220817566,1.0
hybrid_gat,370,0.33073723316192627,0.0
hybrid_gat,371,0.7608799338340759,0.0
hybrid_gat,372,0.70392906665802,1.0
hybrid_gat,373,0.8603485226631165,1.0
hybrid_gat,374,0.30928125977516174,0.0
hybrid_gat,375,0.6750798225402832,0.0
hybrid_gat,376,0.9494630694389343,1.0
hybrid_gat,377,0.5329052209854126,0.0
hybrid_gat,378,0.9315065741539001,1.0
hybrid_gat,379,0.2611311972141266,0.0
hybrid_gat,380,0.9575731754302979,1.0
hybrid_gat,381,0.1885034590959549,0.0
hybrid_gat,382,0.9032944440841675,1.0
hybrid_gat,383,0.7791779637336731,1.0
hybrid_gat,384,0.8447458148002625,1.0
hybrid_gat,385,0.2050289362668991,0.0
hybrid_gat,386,0.6905596852302551,1.0
hybrid_gat,387,0.4456760287284851,0.0
hybrid_gat,388,0.9146090745925903,1.0
hybrid_gat,389,0.9332454204559326,1.0
hybrid_gat,390,0.8254622220993042,1.0
hybrid_gat,391,0.6614760756492615,1.0
hybrid_gat,392,0.29004842042922974,0.0
hybrid_gat,393,0.3775253891944885,0.0
hybrid_gat,394,0.9164013862609863,1.0
hybrid_gat,395,0.9204082489013672,1.0
hybrid_gat,396,0.654486894607544,1.0
hybrid_gat,397,0.9250554442405701,1.0
hybrid_gat,398,0.9579460620880127,1.0
hybrid_gat,399,0.9233217239379883,1.0
hybrid_gat,400,0.7794842720031738,1.0
hybrid_gat,401,0.726889967918396,1.0
hybrid_gat,402,0.7304773926734924,1.0
hybrid_gat,403,0.9135680198669434,1.0
hybrid_gat,404,0.9202930331230164,1.0
hybrid_gat,405,0.7668235301971436,1.0
hybrid_gat,406,0.9125139117240906,1.0
hybrid_gat,407,0.9256641268730164,1.0
